CutOff,Modulus,VTR,Bio,xval,Line
0,0.5 MPa,1.23705729,0.980717275,0,0
0,0.5 MPa,1.30959984,0.835864567,0,0
0,0.5 MPa,0.94056089,0.718740963,100,300
0,0.5 MPa,1.208300172,0.518337193,200,600
0,0.5 MPa,1.23681588,0.897925849,300,900
0,0.5 MPa,1.053021648,0.858924988,400,1200
0,0.5 MPa,1.185885,0.682320853,500,1500
0,0.5 MPa,1.29638096,0.883173828,600,1800
0,0.5 MPa,1.60303169,0.828771789,700,2100
0,0.5 MPa,0.91885635,0.274395838,800,2400
0,0.5 MPa,1.12829694,1.023727182,900,2700
0,0.5 MPa,1.57401912,1.193887301,1000,3000
0,0.5 MPa,0.956762801,0.734803487,1100,3300
0,0.5 MPa,1.512915418,0.995180818,1200,3600
0,0.5 MPa,1.6856521,1.168709372,1300,3900
0,0.5 MPa,1.171324355,0.503091704,1400,4200
0,0.5 MPa,1.85825263,1.428070269,1500,4500
100,0.5 MPa,1.236230295,0.980717275,0,0.5
100,0.5 MPa,1.3068274,0.835864567,100,0.5
100,0.5 MPa,0.93721127,0.718740963,100,300
100,0.5 MPa,1.192723416,0.518337193,200,600
100,0.5 MPa,1.23584924,0.897925849,300,900
100,0.5 MPa,1.051530081,0.858924988,400,1200
100,0.5 MPa,1.184486904,0.682320853,500,1500
100,0.5 MPa,1.29562958,0.883173828,600,1800
100,0.5 MPa,1.5987803,0.828771789,700,2100
100,0.5 MPa,0.881110875,0.274395838,800,2400
100,0.5 MPa,1.127962888,1.023727182,900,2700
100,0.5 MPa,1.57095228,1.193887301,1000,3000
100,0.5 MPa,0.955904903,0.734803487,1100,3300
100,0.5 MPa,1.50724601,0.995180818,1200,3600
100,0.5 MPa,1.67894195,1.168709372,1300,3900
100,0.5 MPa,1.148976085,0.503091704,1400,4200
100,0.5 MPa,1.85665193,1.428070269,1500,4500
200,0.5 MPa,1.232286165,0.980717275,0,0.5
200,0.5 MPa,1.29712386,0.835864567,100,0.5
200,0.5 MPa,0.930871804,0.718740963,200,0.5
200,0.5 MPa,1.158877148,0.518337193,200,600
200,0.5 MPa,1.232466,0.897925849,300,900
200,0.5 MPa,1.046525319,0.858924988,400,1200
200,0.5 MPa,1.176622614,0.682320853,500,1500
200,0.5 MPa,1.29224837,0.883173828,600,1800
200,0.5 MPa,1.58525315,0.828771789,700,2100
200,0.5 MPa,0.83156515,0.274395838,800,2400
200,0.5 MPa,1.12626358,1.023727182,900,2700
200,0.5 MPa,1.56087552,1.193887301,1000,3000
200,0.5 MPa,0.949470668,0.734803487,1100,3300
200,0.5 MPa,1.484121604,0.995180818,1200,3600
200,0.5 MPa,1.66614585,1.168709372,1300,3900
200,0.5 MPa,1.09863716,0.503091704,1400,4200
200,0.5 MPa,1.84976892,1.428070269,1500,4500
300,0.5 MPa,1.223927154,0.980717275,0,0.5
300,0.5 MPa,1.27809484,0.835864567,100,0.5
300,0.5 MPa,0.922956776,0.718740963,200,0.5
300,0.5 MPa,1.110652336,0.518337193,300,0.5
300,0.5 MPa,1.22582035,0.897925849,300,900
300,0.5 MPa,1.03817994,0.858924988,400,1200
300,0.5 MPa,1.164064716,0.682320853,500,1500
300,0.5 MPa,1.28561118,0.883173828,600,1800
300,0.5 MPa,1.55807002,0.828771789,700,2100
300,0.5 MPa,0.77915365,0.274395838,800,2400
300,0.5 MPa,1.121732092,1.023727182,900,2700
300,0.5 MPa,1.54130616,1.193887301,1000,3000
300,0.5 MPa,0.938143237,0.734803487,1100,3300
300,0.5 MPa,1.463631624,0.995180818,1200,3600
300,0.5 MPa,1.62744545,1.168709372,1300,3900
300,0.5 MPa,1.04809277,0.503091704,1400,4200
300,0.5 MPa,1.83568276,1.428070269,1500,4500
400,0.5 MPa,1.209804624,0.980717275,0,0.5
400,0.5 MPa,1.24243118,0.835864567,100,0.5
400,0.5 MPa,0.906221082,0.718740963,200,0.5
400,0.5 MPa,1.038218488,0.518337193,300,0.5
400,0.5 MPa,1.21422067,0.897925849,400,0.5
400,0.5 MPa,1.022931441,0.858924988,400,1200
400,0.5 MPa,1.143480249,0.682320853,500,1500
400,0.5 MPa,1.27496663,0.883173828,600,1800
400,0.5 MPa,1.51993634,0.828771789,700,2100
400,0.5 MPa,0.713823175,0.274395838,800,2400
400,0.5 MPa,1.114310328,1.023727182,900,2700
400,0.5 MPa,1.50698676,1.193887301,1000,3000
400,0.5 MPa,0.916409821,0.734803487,1100,3300
400,0.5 MPa,1.408755452,0.995180818,1200,3600
400,0.5 MPa,1.57813365,1.168709372,1300,3900
400,0.5 MPa,0.9691626,0.503091704,1400,4200
400,0.5 MPa,1.81103198,1.428070269,1500,4500
500,0.5 MPa,1.171139427,0.980717275,0,0.5
500,0.5 MPa,1.154948096,0.835864567,100,0.5
500,0.5 MPa,0.880193294,0.718740963,200,0.5
500,0.5 MPa,0.903181284,0.518337193,300,0.5
500,0.5 MPa,1.1938004,0.897925849,400,0.5
500,0.5 MPa,0.972181182,0.858924988,500,0.5
500,0.5 MPa,1.097405496,0.682320853,500,1500
500,0.5 MPa,1.25843627,0.883173828,600,1800
500,0.5 MPa,1.44225185,0.828771789,700,2100
500,0.5 MPa,0.583775225,0.274395838,800,2400
500,0.5 MPa,1.099946092,1.023727182,900,2700
500,0.5 MPa,1.411140708,1.193887301,1000,3000
500,0.5 MPa,0.871862673,0.734803487,1100,3300
500,0.5 MPa,1.337302424,0.995180818,1200,3600
500,0.5 MPa,1.417667435,1.168709372,1300,3900
500,0.5 MPa,0.82843488,0.503091704,1400,4200
500,0.5 MPa,1.76861343,1.428070269,1500,4500
600,0.5 MPa,1.058922567,0.980717275,0,0.5
600,0.5 MPa,0.890822778,0.835864567,100,0.5
600,0.5 MPa,0.80502534,0.718740963,200,0.5
600,0.5 MPa,0.596116912,0.518337193,300,0.5
600,0.5 MPa,1.149081217,0.897925849,400,0.5
600,0.5 MPa,0.77832678,0.858924988,500,0.5
600,0.5 MPa,1.003957758,0.682320853,600,0.5
600,0.5 MPa,1.227892673,0.883173828,600,1800
600,0.5 MPa,1.192502012,0.828771789,700,2100
600,0.5 MPa,0.2279747,0.274395838,800,2400
600,0.5 MPa,1.068980924,1.023727182,900,2700
600,0.5 MPa,1.020147816,1.193887301,1000,3000
600,0.5 MPa,0.766929038,0.734803487,1100,3300
600,0.5 MPa,1.034728584,0.995180818,1200,3600
600,0.5 MPa,0.94987635,1.168709372,1300,3900
600,0.5 MPa,0.52459956,0.503091704,1400,4200
600,0.5 MPa,1.69402081,1.428070269,1500,4500
700,0.5 MPa,0.729714942,0.980717275,0,0.5
700,0.5 MPa,0.327702408,0.835864567,100,0.5
700,0.5 MPa,0.666102952,0.718740963,200,0.5
700,0.5 MPa,0.08924618,0.518337193,300,0.5
700,0.5 MPa,1.006018497,0.897925849,400,0.5
700,0.5 MPa,0.242644668,0.858924988,500,0.5
700,0.5 MPa,0.70067079,0.682320853,600,0.5
700,0.5 MPa,1.155897946,0.883173828,700,0.5
700,0.5 MPa,0.693710901,0.828771789,700,2100
700,0.5 MPa,0.011407317,0.274395838,800,2400
700,0.5 MPa,0.980471668,1.023727182,900,2700
700,0.5 MPa,0.191341608,1.193887301,1000,3000
700,0.5 MPa,0.596366206,0.734803487,1100,3300
700,0.5 MPa,0.595719208,0.995180818,1200,3600
700,0.5 MPa,0.46490416,1.168709372,1300,3900
700,0.5 MPa,0.237154025,0.503091704,1400,4200
700,0.5 MPa,1.578722389,1.428070269,1500,4500
800,0.5 MPa,0.176569794,0.980717275,0,0.5
800,0.5 MPa,0.032713532,0.835864567,100,0.5
800,0.5 MPa,0.303624444,0.718740963,200,0.5
800,0.5 MPa,0.00920201,0.518337193,300,0.5
800,0.5 MPa,0.397591115,0.897925849,400,0.5
800,0.5 MPa,0.02482288,0.858924988,500,0.5
800,0.5 MPa,0.034489281,0.682320853,600,0.5
800,0.5 MPa,0.804114353,0.883173828,700,0.5
800,0.5 MPa,0.208150631,0.828771789,800,0.5
800,0.5 MPa,0.005666266,0.274395838,800,2400
800,0.5 MPa,0.421878628,1.023727182,900,2700
800,0.5 MPa,0.02194397,1.193887301,1000,3000
800,0.5 MPa,0.371056772,0.734803487,1100,3300
800,0.5 MPa,0.17755415,0.995180818,1200,3600
800,0.5 MPa,0.082210261,1.168709372,1300,3900
800,0.5 MPa,0.033520825,0.503091704,1400,4200
800,0.5 MPa,1.172416708,1.428070269,1500,4500
900,0.5 MPa,0.012431898,0.980717275,0,0.5
900,0.5 MPa,0.00878246,0.835864567,100,0.5
900,0.5 MPa,0.04433036,0.718740963,200,0.5
900,0.5 MPa,0.003679284,0.518337193,300,0.5
900,0.5 MPa,0.009541099,0.897925849,400,0.5
900,0.5 MPa,0.004490973,0.858924988,500,0.5
900,0.5 MPa,0.005340727,0.682320853,600,0.5
900,0.5 MPa,0.181558454,0.883173828,700,0.5
900,0.5 MPa,0.009592939,0.828771789,800,0.5
900,0.5 MPa,0.002782867,0.274395838,900,0.5
900,0.5 MPa,0.013787343,1.023727182,900,2700
900,0.5 MPa,0.009982564,1.193887301,1000,3000
900,0.5 MPa,0.126139603,0.734803487,1100,3300
900,0.5 MPa,0.015692552,0.995180818,1200,3600
900,0.5 MPa,0.005766204,1.168709372,1300,3900
900,0.5 MPa,0.00480962,0.503091704,1400,4200
900,0.5 MPa,0.152285796,1.428070269,1500,4500
1000,0.5 MPa,0.00401118,0.980717275,0,0.5
1000,0.5 MPa,0.005029962,0.835864567,100,0.5
1000,0.5 MPa,0.002437035,0.718740963,200,0.5
1000,0.5 MPa,0.00316766,0.518337193,300,0.5
1000,0.5 MPa,0.004502367,0.897925849,400,0.5
1000,0.5 MPa,0.003739889,0.858924988,500,0.5
1000,0.5 MPa,0.003286524,0.682320853,600,0.5
1000,0.5 MPa,0.010715681,0.883173828,700,0.5
1000,0.5 MPa,0.005057093,0.828771789,800,0.5
1000,0.5 MPa,0.002079603,0.274395838,900,0.5
1000,0.5 MPa,0.00398524,1.023727182,1000,0.5
1000,0.5 MPa,0.007759397,1.193887301,1000,3000
1000,0.5 MPa,0.004757998,0.734803487,1100,3300
1000,0.5 MPa,0.002548461,0.995180818,1200,3600
1000,0.5 MPa,0.002214506,1.168709372,1300,3900
1000,0.5 MPa,0.001733967,0.503091704,1400,4200
1000,0.5 MPa,0.009974602,1.428070269,1500,4500
1100,0.5 MPa,0.003221082,0.980717275,0,0.5
1100,0.5 MPa,0.004126273,0.835864567,100,0.5
1100,0.5 MPa,0.002014238,0.718740963,200,0.5
1100,0.5 MPa,0.002922864,0.518337193,300,0.5
1100,0.5 MPa,0.002836968,0.897925849,400,0.5
1100,0.5 MPa,0.003300308,0.858924988,500,0.5
1100,0.5 MPa,0.002718797,0.682320853,600,0.5
1100,0.5 MPa,0.003029314,0.883173828,700,0.5
1100,0.5 MPa,0.003702059,0.828771789,800,0.5
1100,0.5 MPa,0.001858616,0.274395838,900,0.5
1100,0.5 MPa,0.002901314,1.023727182,1000,0.5
1100,0.5 MPa,0.005681978,1.193887301,1100,0.5
1100,0.5 MPa,0.001680527,0.734803487,1100,3300
1100,0.5 MPa,0.00142276,0.995180818,1200,3600
1100,0.5 MPa,0.001557098,1.168709372,1300,3900
1100,0.5 MPa,0.001304687,0.503091704,1400,4200
1100,0.5 MPa,0.005387316,1.428070269,1500,4500
1200,0.5 MPa,0.002542819,0.980717275,0,0.5
1200,0.5 MPa,0.003457359,0.835864567,100,0.5
1200,0.5 MPa,0.001730885,0.718740963,200,0.5
1200,0.5 MPa,0.002514828,0.518337193,300,0.5
1200,0.5 MPa,0.002338061,0.897925849,400,0.5
1200,0.5 MPa,0.002709598,0.858924988,500,0.5
1200,0.5 MPa,0.00230224,0.682320853,600,0.5
1200,0.5 MPa,0.002431591,0.883173828,700,0.5
1200,0.5 MPa,0.002944538,0.828771789,800,0.5
1200,0.5 MPa,0.001593494,0.274395838,900,0.5
1200,0.5 MPa,0.002112516,1.023727182,1000,0.5
1200,0.5 MPa,0.005018957,1.193887301,1100,0.5
1200,0.5 MPa,0.000821104,0.734803487,1200,0.5
1200,0.5 MPa,0.001123359,0.995180818,1200,3600
1200,0.5 MPa,0.001276629,1.168709372,1300,3900
1200,0.5 MPa,0.001159407,0.503091704,1400,4200
1200,0.5 MPa,0.004084986,1.428070269,1500,4500
1300,0.5 MPa,0.000749181,0.980717275,0,0.5
1300,0.5 MPa,0.001779654,0.835864567,100,0.5
1300,0.5 MPa,0.001183768,0.718740963,200,0.5
1300,0.5 MPa,0.000277122,0.518337193,300,0.5
1300,0.5 MPa,0.000270804,0.897925849,400,0.5
1300,0.5 MPa,0.000250497,0.858924988,500,0.5
1300,0.5 MPa,0.000385101,0.682320853,600,0.5
1300,0.5 MPa,0.000416039,0.883173828,700,0.5
1300,0.5 MPa,0.000252932,0.828771789,800,0.5
1300,0.5 MPa,0.000410281,0.274395838,900,0.5
1300,0.5 MPa,0.000169059,1.023727182,1000,0.5
1300,0.5 MPa,0.000670251,1.193887301,1100,0.5
1300,0.5 MPa,0.000221433,0.734803487,1200,0.5
1300,0.5 MPa,0.000467572,0.995180818,1300,0.5
1300,0.5 MPa,0.000204878,1.168709372,1300,3900
1300,0.5 MPa,0.000255061,0.503091704,1400,4200
1300,0.5 MPa,0.000367649,1.428070269,1500,4500
1400,0.5 MPa,6.01811E-05,0.980717275,0,0.5
1400,0.5 MPa,6.47453E-05,0.835864567,100,0.5
1400,0.5 MPa,6.00773E-05,0.718740963,200,0.5
1400,0.5 MPa,6.54404E-05,0.518337193,300,0.5
1400,0.5 MPa,6.59079E-05,0.897925849,400,0.5
1400,0.5 MPa,5.56293E-05,0.858924988,500,0.5
1400,0.5 MPa,5.84916E-05,0.682320853,600,0.5
1400,0.5 MPa,6.54089E-05,0.883173828,700,0.5
1400,0.5 MPa,8.31662E-05,0.828771789,800,0.5
1400,0.5 MPa,6.63404E-05,0.274395838,900,0.5
1400,0.5 MPa,5.55165E-05,1.023727182,1000,0.5
1400,0.5 MPa,8.85572E-05,1.193887301,1100,0.5
1400,0.5 MPa,4.58324E-05,0.734803487,1200,0.5
1400,0.5 MPa,7.47515E-05,0.995180818,1300,0.5
1400,0.5 MPa,8.6408E-05,1.168709372,1400,0.5
1400,0.5 MPa,6.4497E-05,0.503091704,1400,4200
1400,0.5 MPa,9.01642E-05,1.428070269,1500,4500
1500,0.5 MPa,5.57013E-05,0.980717275,0,0.5
1500,0.5 MPa,6.08563E-05,0.835864567,100,0.5
1500,0.5 MPa,4.20576E-05,0.718740963,200,0.5
1500,0.5 MPa,6.08782E-05,0.518337193,300,0.5
1500,0.5 MPa,5.59757E-05,0.897925849,400,0.5
1500,0.5 MPa,4.90282E-05,0.858924988,500,0.5
1500,0.5 MPa,5.78624E-05,0.682320853,600,0.5
1500,0.5 MPa,5.91236E-05,0.883173828,700,0.5
1500,0.5 MPa,7.93155E-05,0.828771789,800,0.5
1500,0.5 MPa,4.48793E-05,0.274395838,900,0.5
1500,0.5 MPa,5.07715E-05,1.023727182,1000,0.5
1500,0.5 MPa,7.35896E-05,1.193887301,1100,0.5
1500,0.5 MPa,4.52509E-05,0.734803487,1200,0.5
1500,0.5 MPa,7.15593E-05,0.995180818,1300,0.5
1500,0.5 MPa,8.20277E-05,1.168709372,1400,0.5
1500,0.5 MPa,5.89874E-05,0.503091704,1500,0.5
1500,0.5 MPa,8.7832E-05,1.428070269,1500,0.5
0,5 MPa,1.23705729,0.980717275,0,0
0,5 MPa,1.30959984,0.835864567,0,0
0,5 MPa,0.94056089,0.718740963,100,300
0,5 MPa,1.20832594,0.518337193,200,600
0,5 MPa,1.23681588,0.897925849,300,900
0,5 MPa,1.053021648,0.858924988,400,1200
0,5 MPa,1.185885,0.682320853,500,1500
0,5 MPa,1.29638096,0.883173828,600,1800
0,5 MPa,1.60303169,0.828771789,700,2100
0,5 MPa,0.9189483,0.274395838,800,2400
0,5 MPa,1.128311464,1.023727182,900,2700
0,5 MPa,1.57401912,1.193887301,1000,3000
0,5 MPa,0.956762801,0.734803487,1100,3300
0,5 MPa,1.512930824,0.995180818,1200,3600
0,5 MPa,1.6856521,1.168709372,1300,3900
0,5 MPa,1.17137177,0.503091704,1400,4200
0,5 MPa,1.85825263,1.428070269,1500,4500
100,5 MPa,1.236243018,0.980717275,0,5
100,5 MPa,1.3068274,0.835864567,100,5
100,5 MPa,0.937260894,0.718740963,100,300
100,5 MPa,1.193045516,0.518337193,200,600
100,5 MPa,1.23597007,0.897925849,300,900
100,5 MPa,1.051554735,0.858924988,400,1200
100,5 MPa,1.18451187,0.682320853,500,1500
100,5 MPa,1.29562958,0.883173828,600,1800
100,5 MPa,1.5987803,0.828771789,700,2100
100,5 MPa,0.882107,0.274395838,800,2400
100,5 MPa,1.127962888,1.023727182,900,2700
100,5 MPa,1.57095228,1.193887301,1000,3000
100,5 MPa,0.95592079,0.734803487,1100,3300
100,5 MPa,1.507353852,0.995180818,1200,3600
100,5 MPa,1.679098,1.168709372,1300,3900
100,5 MPa,1.149513455,0.503091704,1400,4200
100,5 MPa,1.85665193,1.428070269,1500,4500
200,5 MPa,1.232324334,0.980717275,0,5
200,5 MPa,1.29724988,0.835864567,100,5
200,5 MPa,0.930971052,0.718740963,200,5
200,5 MPa,1.15962442,0.518337193,200,600
200,5 MPa,1.23258683,0.897925849,300,900
200,5 MPa,1.046574627,0.858924988,400,1200
200,5 MPa,1.176685029,0.682320853,500,1500
200,5 MPa,1.29224837,0.883173828,600,1800
200,5 MPa,1.58538198,0.828771789,700,2100
200,5 MPa,0.833572725,0.274395838,800,2400
200,5 MPa,1.126278104,1.023727182,900,2700
200,5 MPa,1.56102156,1.193887301,1000,3000
200,5 MPa,0.949518329,0.734803487,1100,3300
200,5 MPa,1.484506754,0.995180818,1200,3600
200,5 MPa,1.6663019,1.168709372,1300,3900
200,5 MPa,1.100012195,0.503091704,1400,4200
200,5 MPa,1.84976892,1.428070269,1500,4500
300,5 MPa,1.224003492,0.980717275,0,5
300,5 MPa,1.27834688,0.835864567,100,5
300,5 MPa,0.923093242,0.718740963,200,5
300,5 MPa,1.112030924,0.518337193,300,5
300,5 MPa,1.22582035,0.897925849,300,900
300,5 MPa,1.038266229,0.858924988,400,1200
300,5 MPa,1.164177063,0.682320853,500,1500
300,5 MPa,1.28573641,0.883173828,600,1800
300,5 MPa,1.55832768,0.828771789,700,2100
300,5 MPa,0.782663075,0.274395838,800,2400
300,5 MPa,1.12176114,1.023727182,900,2700
300,5 MPa,1.54159824,1.193887301,1000,3000
300,5 MPa,0.938254446,0.734803487,1100,3300
300,5 MPa,1.464232458,0.995180818,1200,3600
300,5 MPa,1.6279136,1.168709372,1300,3900
300,5 MPa,1.0504003,0.503091704,1400,4200
300,5 MPa,1.83568276,1.428070269,1500,4500
400,5 MPa,1.2099573,0.980717275,0,5
400,5 MPa,1.243325922,0.835864567,100,5
400,5 MPa,0.906481608,0.718740963,200,5
400,5 MPa,1.041130272,0.518337193,300,5
400,5 MPa,1.2143415,0.897925849,400,5
400,5 MPa,1.023079365,0.858924988,400,1200
400,5 MPa,1.143655011,0.682320853,500,1500
400,5 MPa,1.27509186,0.883173828,600,1800
400,5 MPa,1.52045166,0.828771789,700,2100
400,5 MPa,0.719003025,0.274395838,800,2400
400,5 MPa,1.114368424,1.023727182,900,2700
400,5 MPa,1.50771696,1.193887301,1000,3000
400,5 MPa,0.916664013,0.734803487,1100,3300
400,5 MPa,1.41011118,0.995180818,1200,3600
400,5 MPa,1.57906995,1.168709372,1300,3900
400,5 MPa,0.973034825,0.503091704,1400,4200
400,5 MPa,1.81119205,1.428070269,1500,4500
500,5 MPa,1.171953699,0.980717275,0,5
500,5 MPa,1.158791706,0.835864567,100,5
500,5 MPa,0.880739158,0.718740963,200,5
500,5 MPa,0.910654004,0.518337193,300,5
500,5 MPa,1.193933313,0.897925849,400,5
500,5 MPa,0.972686589,0.858924988,500,5
500,5 MPa,1.097792469,0.682320853,500,1500
500,5 MPa,1.2585615,0.883173828,600,1800
500,5 MPa,1.44354015,0.828771789,700,2100
500,5 MPa,0.59513105,0.274395838,800,2400
500,5 MPa,1.100018712,1.023727182,900,2700
500,5 MPa,1.414412004,1.193887301,1000,3000
500,5 MPa,0.872704684,0.734803487,1100,3300
500,5 MPa,1.340183346,0.995180818,1200,3600
500,5 MPa,1.421818365,1.168709372,1300,3900
500,5 MPa,0.8370328,0.503091704,1400,4200
500,5 MPa,1.76893357,1.428070269,1500,4500
600,5 MPa,1.064864208,0.980717275,0,5
600,5 MPa,0.916127594,0.835864567,100,5
600,5 MPa,0.807171578,0.718740963,200,5
600,5 MPa,0.616834384,0.518337193,300,5
600,5 MPa,1.149431624,0.897925849,400,5
600,5 MPa,0.785833923,0.858924988,500,5
600,5 MPa,1.005443235,0.682320853,600,5
600,5 MPa,1.228067995,0.883173828,600,1800
600,5 MPa,1.202125613,0.828771789,700,2100
600,5 MPa,0.279420725,0.274395838,800,2400
600,5 MPa,1.06918426,1.023727182,900,2700
600,5 MPa,1.071115776,1.193887301,1000,3000
600,5 MPa,0.7721082,0.734803487,1100,3300
600,5 MPa,1.055788586,0.995180818,1200,3600
600,5 MPa,0.980789855,1.168709372,1300,3900
600,5 MPa,0.546710755,0.503091704,1400,4200
600,5 MPa,1.69482116,1.428070269,1500,4500
700,5 MPa,0.764296056,0.980717275,0,5
700,5 MPa,0.432891302,0.835864567,100,5
700,5 MPa,0.673248808,0.718740963,200,5
700,5 MPa,0.143450456,0.518337193,300,5
700,5 MPa,1.009317156,0.897925849,400,5
700,5 MPa,0.297425856,0.858924988,500,5
700,5 MPa,0.717635187,0.682320853,600,5
700,5 MPa,1.156586711,0.883173828,700,5
700,5 MPa,0.739832041,0.828771789,700,2100
700,5 MPa,0.07851917,0.274395838,800,2400
700,5 MPa,0.981851448,1.023727182,900,2700
700,5 MPa,0.373979232,1.193887301,1000,3000
700,5 MPa,0.60704227,0.734803487,1100,3300
700,5 MPa,0.673735192,0.995180818,1200,3600
700,5 MPa,0.51752422,1.168709372,1300,3900
700,5 MPa,0.28344687,0.503091704,1400,4200
700,5 MPa,1.581027397,1.428070269,1500,4500
800,5 MPa,0.249777936,0.980717275,0,5
800,5 MPa,0.140020822,0.835864567,100,5
800,5 MPa,0.333671776,0.718740963,200,5
800,5 MPa,0.048767228,0.518337193,300,5
800,5 MPa,0.449898422,0.897925849,400,5
800,5 MPa,0.074791607,0.858924988,500,5
800,5 MPa,0.111896364,0.682320853,600,5
800,5 MPa,0.819718011,0.883173828,700,5
800,5 MPa,0.28149355,0.828771789,800,5
800,5 MPa,0.042704645,0.274395838,800,2400
800,5 MPa,0.4673097,1.023727182,900,2700
800,5 MPa,0.134162567,1.193887301,1000,3000
800,5 MPa,0.383750485,0.734803487,1100,3300
800,5 MPa,0.252704618,0.995180818,1200,3600
800,5 MPa,0.117206034,1.168709372,1300,3900
800,5 MPa,0.104488436,0.503091704,1400,4200
800,5 MPa,1.18964024,1.428070269,1500,4500
900,5 MPa,0.070029937,0.980717275,0,5
900,5 MPa,0.068479268,0.835864567,100,5
900,5 MPa,0.079847497,0.718740963,200,5
900,5 MPa,0.033370848,0.518337193,300,5
900,5 MPa,0.074229494,0.897925849,400,5
900,5 MPa,0.039100011,0.858924988,500,5
900,5 MPa,0.044730334,0.682320853,600,5
900,5 MPa,0.2416939,0.883173828,700,5
900,5 MPa,0.069673841,0.828771789,800,5
900,5 MPa,0.02382118,0.274395838,900,5
900,5 MPa,0.071652702,1.023727182,900,2700
900,5 MPa,0.081301928,1.193887301,1000,3000
900,5 MPa,0.144516096,0.734803487,1100,3300
900,5 MPa,0.091876762,0.995180818,1200,3600
900,5 MPa,0.038547471,1.168709372,1300,3900
900,5 MPa,0.030770755,0.503091704,1400,4200
900,5 MPa,0.257376553,1.428070269,1500,4500
1000,5 MPa,0.036221109,0.980717275,0,5
1000,5 MPa,0.043071116,0.835864567,100,5
1000,5 MPa,0.022072755,0.718740963,200,5
1000,5 MPa,0.028965809,0.518337193,300,5
1000,5 MPa,0.037372719,0.897925849,400,5
1000,5 MPa,0.033316183,0.858924988,500,5
1000,5 MPa,0.030029105,0.682320853,600,5
1000,5 MPa,0.049440804,0.883173828,700,5
1000,5 MPa,0.041323511,0.828771789,800,5
1000,5 MPa,0.018675045,0.274395838,900,5
1000,5 MPa,0.036395692,1.023727182,1000,5
1000,5 MPa,0.062635096,1.193887301,1000,3000
1000,5 MPa,0.032921041,0.734803487,1100,3300
1000,5 MPa,0.022126097,0.995180818,1200,3600
1000,5 MPa,0.020725001,1.168709372,1300,3900
1000,5 MPa,0.015572192,0.503091704,1400,4200
1000,5 MPa,0.069886562,1.428070269,1500,4500
1100,5 MPa,0.029355778,0.980717275,0,5
1100,5 MPa,0.035244013,0.835864567,100,5
1100,5 MPa,0.018494865,0.718740963,200,5
1100,5 MPa,0.026601595,0.518337193,300,5
1100,5 MPa,0.026415855,0.897925849,400,5
1100,5 MPa,0.029144726,0.858924988,500,5
1100,5 MPa,0.024645187,0.682320853,600,5
1100,5 MPa,0.028096603,0.883173828,700,5
1100,5 MPa,0.033315438,0.828771789,800,5
1100,5 MPa,0.016589313,0.274395838,900,5
1100,5 MPa,0.026866495,1.023727182,1000,5
1100,5 MPa,0.048312953,1.193887301,1100,5
1100,5 MPa,0.013141885,0.734803487,1100,3300
1100,5 MPa,0.013502435,0.995180818,1200,3600
1100,5 MPa,0.014585369,1.168709372,1300,3900
1100,5 MPa,0.012306405,0.503091704,1400,4200
1100,5 MPa,0.047844923,1.428070269,1500,4500
1200,5 MPa,0.022003156,0.980717275,0,5
1200,5 MPa,0.027709278,0.835864567,100,5
1200,5 MPa,0.015531071,0.718740963,200,5
1200,5 MPa,0.021044726,0.518337193,300,5
1200,5 MPa,0.020402146,0.897925849,400,5
1200,5 MPa,0.022509102,0.858924988,500,5
1200,5 MPa,0.018875544,0.682320853,600,5
1200,5 MPa,0.021426853,0.883173828,700,5
1200,5 MPa,0.021363879,0.828771789,800,5
1200,5 MPa,0.013145479,0.274395838,900,5
1200,5 MPa,0.01645424,1.023727182,1000,5
1200,5 MPa,0.03829899,1.193887301,1100,5
1200,5 MPa,0.007318505,0.734803487,1200,5
1200,5 MPa,0.010179052,0.995180818,1200,3600
1200,5 MPa,0.011604346,1.168709372,1300,3900
1200,5 MPa,0.010791812,0.503091704,1400,4200
1200,5 MPa,0.032947208,1.428070269,1500,4500
1300,5 MPa,0.004835376,0.980717275,0,5
1300,5 MPa,0.009225168,0.835864567,100,5
1300,5 MPa,0.007847043,0.718740963,200,5
1300,5 MPa,0.001983878,0.518337193,300,5
1300,5 MPa,0.002141349,0.897925849,400,5
1300,5 MPa,0.001977004,0.858924988,500,5
1300,5 MPa,0.002373268,0.682320853,600,5
1300,5 MPa,0.002877535,0.883173828,700,5
1300,5 MPa,0.002067206,0.828771789,800,5
1300,5 MPa,0.002756048,0.274395838,900,5
1300,5 MPa,0.001397819,1.023727182,1000,5
1300,5 MPa,0.003919129,1.193887301,1100,5
1300,5 MPa,0.001625399,0.734803487,1200,5
1300,5 MPa,0.003087208,0.995180818,1300,5
1300,5 MPa,0.001719047,1.168709372,1300,3900
1300,5 MPa,0.001917305,0.503091704,1400,4200
1300,5 MPa,0.002506216,1.428070269,1500,4500
1400,5 MPa,0.000595373,0.980717275,0,5
1400,5 MPa,0.000644844,0.835864567,100,5
1400,5 MPa,0.000563071,0.718740963,200,5
1400,5 MPa,0.000649482,0.518337193,300,5
1400,5 MPa,0.000639747,0.897925849,400,5
1400,5 MPa,0.000545236,0.858924988,500,5
1400,5 MPa,0.000584704,0.682320853,600,5
1400,5 MPa,0.000640276,0.883173828,700,5
1400,5 MPa,0.000824216,0.828771789,800,5
1400,5 MPa,0.000619299,0.274395838,900,5
1400,5 MPa,0.000548441,1.023727182,1000,5
1400,5 MPa,0.000860789,1.193887301,1100,5
1400,5 MPa,0.000458149,0.734803487,1200,5
1400,5 MPa,0.000744495,0.995180818,1300,5
1400,5 MPa,0.000861396,1.168709372,1400,5
1400,5 MPa,0.000637969,0.503091704,1400,4200
1400,5 MPa,0.000900586,1.428070269,1500,4500
1500,5 MPa,0.000557013,0.980717275,0,5
1500,5 MPa,0.000608551,0.835864567,100,5
1500,5 MPa,0.000420576,0.718740963,200,5
1500,5 MPa,0.000608782,0.518337193,300,5
1500,5 MPa,0.000559757,0.897925849,400,5
1500,5 MPa,0.000490282,0.858924988,500,5
1500,5 MPa,0.000578624,0.682320853,600,5
1500,5 MPa,0.000591236,0.883173828,700,5
1500,5 MPa,0.000793155,0.828771789,800,5
1500,5 MPa,0.000448793,0.274395838,900,5
1500,5 MPa,0.000507701,1.023727182,1000,5
1500,5 MPa,0.000735896,1.193887301,1100,5
1500,5 MPa,0.000452509,0.734803487,1200,5
1500,5 MPa,0.000715578,0.995180818,1300,5
1500,5 MPa,0.000820277,1.168709372,1400,5
1500,5 MPa,0.000589858,0.503091704,1500,5
1500,5 MPa,0.00087832,1.428070269,1500,5
0,50 MPa,1.237070013,0.980717275,0,0
0,50 MPa,1.30959984,0.835864567,0,0
0,50 MPa,0.940585702,0.718740963,100,300
0,50 MPa,1.208544968,0.518337193,200,600
0,50 MPa,1.23681588,0.897925849,300,900
0,50 MPa,1.053046302,0.858924988,400,1200
0,50 MPa,1.185922449,0.682320853,500,1500
0,50 MPa,1.29638096,0.883173828,600,1800
0,50 MPa,1.60303169,0.828771789,700,2100
0,50 MPa,0.919699225,0.274395838,800,2400
0,50 MPa,1.128325988,1.023727182,900,2700
0,50 MPa,1.57401912,1.193887301,1000,3000
0,50 MPa,0.956778688,0.734803487,1100,3300
0,50 MPa,1.513069478,0.995180818,1200,3600
0,50 MPa,1.68580815,1.168709372,1300,3900
0,50 MPa,1.171735285,0.503091704,1400,4200
0,50 MPa,1.85825263,1.428070269,1500,4500
100,50 MPa,1.236357525,0.980717275,0,50
100,50 MPa,1.30720546,0.835864567,100,50
100,50 MPa,0.937732322,0.718740963,100,300
100,50 MPa,1.19576404,0.518337193,200,600
100,50 MPa,1.2360909,0.897925849,300,900
100,50 MPa,1.051751967,0.858924988,400,1200
100,50 MPa,1.184711598,0.682320853,500,1500
100,50 MPa,1.29562958,0.883173828,600,1800
100,50 MPa,1.59942445,0.828771789,700,2100
100,50 MPa,0.8901373,0.274395838,800,2400
100,50 MPa,1.128020984,1.023727182,900,2700
100,50 MPa,1.57153644,1.193887301,1000,3000
100,50 MPa,0.956063773,0.734803487,1100,3300
100,50 MPa,1.508386054,0.995180818,1200,3600
100,50 MPa,1.6800343,1.168709372,1300,3900
100,50 MPa,1.15382822,0.503091704,1400,4200
100,50 MPa,1.85697207,1.428070269,1500,4500
200,50 MPa,1.232680578,0.980717275,0,50
200,50 MPa,1.29838406,0.835864567,100,50
200,50 MPa,0.93187669,0.718740963,200,50
200,50 MPa,1.165770088,0.518337193,200,600
200,50 MPa,1.23282849,0.897925849,300,900
200,50 MPa,1.047030726,0.858924988,400,1200
200,50 MPa,1.17727173,0.682320853,500,1500
200,50 MPa,1.29249883,0.883173828,600,1800
200,50 MPa,1.58679911,0.828771789,700,2100
200,50 MPa,0.849357475,0.274395838,800,2400
200,50 MPa,1.126423344,1.023727182,900,2700
200,50 MPa,1.56218988,1.193887301,1000,3000
200,50 MPa,0.950026713,0.734803487,1100,3300
200,50 MPa,1.487695796,0.995180818,1200,3600
200,50 MPa,1.66801845,1.168709372,1300,3900
200,50 MPa,1.110601545,0.503091704,1400,4200
200,50 MPa,1.8504092,1.428070269,1500,4500
300,50 MPa,1.224703257,0.980717275,0,50
300,50 MPa,1.28111932,0.835864567,100,50
300,50 MPa,0.924358654,0.718740963,200,50
300,50 MPa,1.123407496,0.518337193,300,50
300,50 MPa,1.22630367,0.897925849,300,900
300,50 MPa,1.039005849,0.858924988,400,1200
300,50 MPa,1.165175703,0.682320853,500,1500
300,50 MPa,1.2861121,0.883173828,600,1800
300,50 MPa,1.56090428,0.828771789,700,2100
300,50 MPa,0.808010625,0.274395838,800,2400
300,50 MPa,1.12205162,1.023727182,900,2700
300,50 MPa,1.54393488,1.193887301,1000,3000
300,50 MPa,0.939271214,0.734803487,1100,3300
300,50 MPa,1.469100754,0.995180818,1200,3600
300,50 MPa,1.63212695,1.168709372,1300,3900
300,50 MPa,1.066758475,0.503091704,1400,4200
300,50 MPa,1.83696332,1.428070269,1500,4500
400,50 MPa,1.211344107,0.980717275,0,50
400,50 MPa,1.250131002,0.835864567,100,50
400,50 MPa,0.9087395,0.718740963,200,50
400,50 MPa,1.06338094,0.518337193,300,50
400,50 MPa,1.21506648,0.897925849,400,50
400,50 MPa,1.0243737,0.858924988,400,1200
400,50 MPa,1.14531525,0.682320853,500,1500
400,50 MPa,1.27571801,0.883173828,600,1800
400,50 MPa,1.52470305,0.828771789,700,2100
400,50 MPa,0.75555315,0.274395838,800,2400
400,50 MPa,1.114833192,1.023727182,900,2700
400,50 MPa,1.51268232,1.193887301,1000,3000
400,50 MPa,0.918888193,0.734803487,1100,3300
400,50 MPa,1.420910786,0.995180818,1200,3600
400,50 MPa,1.5870285,1.168709372,1300,3900
400,50 MPa,0.99963464,0.503091704,1400,4200
400,50 MPa,1.81311289,1.428070269,1500,4500
500,50 MPa,1.177844448,0.980717275,0,50
500,50 MPa,1.182294436,0.835864567,100,50
500,50 MPa,0.88510607,0.718740963,200,50
500,50 MPa,0.959561668,0.518337193,300,50
500,50 MPa,1.195214111,0.897925849,400,50
500,50 MPa,0.977050347,0.858924988,500,50
500,50 MPa,1.101225294,0.682320853,500,1500
500,50 MPa,1.25943811,0.883173828,600,1800
500,50 MPa,1.45461953,0.828771789,700,2100
500,50 MPa,0.66580995,0.274395838,800,2400
500,50 MPa,1.100832056,1.023727182,900,2700
500,50 MPa,1.43528112,1.193887301,1000,3000
500,50 MPa,0.878932388,0.734803487,1100,3300
500,50 MPa,1.361227942,0.995180818,1200,3600
500,50 MPa,1.448877435,1.168709372,1300,3900
500,50 MPa,0.888414855,0.503091704,1400,4200
500,50 MPa,1.77213497,1.428070269,1500,4500
600,50 MPa,1.096022835,0.980717275,0,50
600,50 MPa,1.022916942,0.835864567,100,50
600,50 MPa,0.822356522,0.718740963,200,50
600,50 MPa,0.741074796,0.518337193,300,50
600,50 MPa,1.15247654,0.897925849,400,50
600,50 MPa,0.829163328,0.858924988,500,50
600,50 MPa,1.016790282,0.682320853,600,50
600,50 MPa,1.229721031,0.883173828,600,1800
600,50 MPa,1.259983166,0.828771789,700,2100
600,50 MPa,0.48503625,0.274395838,800,2400
600,50 MPa,1.071028808,1.023727182,900,2700
600,50 MPa,1.228678332,1.193887301,1000,3000
600,50 MPa,0.79641531,0.734803487,1100,3300
600,50 MPa,1.156482202,0.995180818,1200,3600
600,50 MPa,1.110124095,1.168709372,1300,3900
600,50 MPa,0.6505338,0.503091704,1400,4200
600,50 MPa,1.70122396,1.428070269,1500,4500
700,50 MPa,0.907264407,0.980717275,0,50
700,50 MPa,0.761122994,0.835864567,100,50
700,50 MPa,0.717451386,0.718740963,200,50
700,50 MPa,0.419013448,0.518337193,300,50
700,50 MPa,1.03104239,0.897925849,400,50
700,50 MPa,0.51859689,0.858924988,500,50
700,50 MPa,0.803867751,0.682320853,600,50
700,50 MPa,1.162309722,0.883173828,700,50
700,50 MPa,0.952079466,0.828771789,700,2100
700,50 MPa,0.31897455,0.274395838,800,2400
700,50 MPa,0.992250632,1.023727182,900,2700
700,50 MPa,0.851953548,1.193887301,1000,3000
700,50 MPa,0.658929212,0.734803487,1100,3300
700,50 MPa,0.918860058,0.995180818,1200,3600
700,50 MPa,0.749430125,1.168709372,1300,3900
700,50 MPa,0.43466911,0.503091704,1400,4200
700,50 MPa,1.596954362,1.428070269,1500,4500
800,50 MPa,0.566198946,0.980717275,0,50
800,50 MPa,0.50256776,0.835864567,100,50
800,50 MPa,0.477420098,0.718740963,200,50
800,50 MPa,0.276464872,0.518337193,300,50
800,50 MPa,0.670884409,0.897925849,400,50
800,50 MPa,0.313672842,0.858924988,500,50
800,50 MPa,0.412213626,0.682320853,600,50
800,50 MPa,0.903797433,0.883173828,700,50
800,50 MPa,0.614145493,0.828771789,800,50
800,50 MPa,0.2116076,0.274395838,800,2400
800,50 MPa,0.65713838,1.023727182,900,2700
800,50 MPa,0.565875792,1.193887301,1000,3000
800,50 MPa,0.46056413,0.734803487,1100,3300
800,50 MPa,0.520168184,0.995180818,1200,3600
800,50 MPa,0.334243495,1.168709372,1300,3900
800,50 MPa,0.272304345,0.503091704,1400,4200
800,50 MPa,1.28840343,1.428070269,1500,4500
900,50 MPa,0.334424055,0.980717275,0,50
900,50 MPa,0.339699512,0.835864567,100,50
900,50 MPa,0.24774782,0.718740963,200,50
900,50 MPa,0.223872384,0.518337193,300,50
900,50 MPa,0.367721939,0.897925849,400,50
900,50 MPa,0.233300802,0.858924988,500,50
900,50 MPa,0.259546536,0.682320853,600,50
900,50 MPa,0.506943563,0.883173828,700,50
900,50 MPa,0.34835632,0.828771789,800,50
900,50 MPa,0.148624915,0.274395838,900,50
900,50 MPa,0.357087064,1.023727182,900,2700
900,50 MPa,0.428612796,1.193887301,1000,3000
900,50 MPa,0.240624502,0.734803487,1100,3300
900,50 MPa,0.321245912,0.995180818,1200,3600
900,50 MPa,0.22246488,1.168709372,1300,3900
900,50 MPa,0.151421383,0.503091704,1400,4200
900,50 MPa,0.680169444,1.428070269,1500,4500
1000,50 MPa,0.23702949,0.980717275,0,50
1000,50 MPa,0.249683426,0.835864567,100,50
1000,50 MPa,0.145634034,0.718740963,200,50
1000,50 MPa,0.197138084,0.518337193,300,50
1000,50 MPa,0.235098931,0.897925849,400,50
1000,50 MPa,0.20191626,0.858924988,500,50
1000,50 MPa,0.196632216,0.682320853,600,50
1000,50 MPa,0.265224617,0.883173828,700,50
1000,50 MPa,0.256990084,0.828771789,800,50
1000,50 MPa,0.125182263,0.274395838,900,50
1000,50 MPa,0.242071508,1.023727182,1000,50
1000,50 MPa,0.34764822,1.193887301,1000,3000
1000,50 MPa,0.131806496,0.734803487,1100,3300
1000,50 MPa,0.147906844,0.995180818,1200,3600
1000,50 MPa,0.151860058,1.168709372,1300,3900
1000,50 MPa,0.107015655,0.503091704,1400,4200
1000,50 MPa,0.399422671,1.428070269,1500,4500
1100,50 MPa,0.189916221,0.980717275,0,50
1100,50 MPa,0.20093889,0.835864567,100,50
1100,50 MPa,0.125461878,0.718740963,200,50
1100,50 MPa,0.1749003,0.518337193,300,50
1100,50 MPa,0.1800367,0.897925849,400,50
1100,50 MPa,0.169138767,0.858924988,500,50
1100,50 MPa,0.153128961,0.682320853,600,50
1100,50 MPa,0.189585697,0.883173828,700,50
1100,50 MPa,0.203216442,0.828771789,800,50
1100,50 MPa,0.110171425,0.274395838,900,50
1100,50 MPa,0.177105656,1.023727182,1000,50
1100,50 MPa,0.271021032,1.193887301,1100,50
1100,50 MPa,0.076492728,0.734803487,1100,3300
1100,50 MPa,0.107613991,0.995180818,1200,3600
1100,50 MPa,0.108862041,1.168709372,1300,3900
1100,50 MPa,0.090722281,0.503091704,1400,4200
1100,50 MPa,0.297762214,1.428070269,1500,4500
1200,50 MPa,0.125217221,0.980717275,0,50
1200,50 MPa,0.1411424,0.835864567,100,50
1200,50 MPa,0.097999956,0.718740963,200,50
1200,50 MPa,0.107868713,0.518337193,300,50
1200,50 MPa,0.117222016,0.897925849,400,50
1200,50 MPa,0.114111039,0.858924988,500,50
1200,50 MPa,0.093382826,0.682320853,600,50
1200,50 MPa,0.121907648,0.883173828,700,50
1200,50 MPa,0.103054982,0.828771789,800,50
1200,50 MPa,0.078798085,0.274395838,900,50
1200,50 MPa,0.084757707,1.023727182,1000,50
1200,50 MPa,0.162513312,1.193887301,1100,50
1200,50 MPa,0.046731611,0.734803487,1200,50
1200,50 MPa,0.069464113,0.995180818,1200,3600
1200,50 MPa,0.077658283,1.168709372,1300,3900
1200,50 MPa,0.073542246,0.503091704,1400,4200
1200,50 MPa,0.154645228,1.428070269,1500,4500
1300,50 MPa,0.02493708,0.980717275,0,50
1300,50 MPa,0.04001135,0.835864567,100,50
1300,50 MPa,0.035163566,0.718740963,200,50
1300,50 MPa,0.014079635,0.518337193,300,50
1300,50 MPa,0.015904853,0.897925849,400,50
1300,50 MPa,0.013999774,0.858924988,500,50
1300,50 MPa,0.014017161,0.682320853,600,50
1300,50 MPa,0.018311131,0.883173828,700,50
1300,50 MPa,0.015825477,0.828771789,800,50
1300,50 MPa,0.016897345,0.274395838,900,50
1300,50 MPa,0.011038095,1.023727182,1000,50
1300,50 MPa,0.023010062,1.193887301,1100,50
1300,50 MPa,0.011116134,0.734803487,1200,50
1300,50 MPa,0.020163373,0.995180818,1300,50
1300,50 MPa,0.013950558,1.168709372,1300,3900
1300,50 MPa,0.013827004,0.503091704,1400,4200
1300,50 MPa,0.017990267,1.428070269,1500,4500
1400,50 MPa,0.005849399,0.980717275,0,50
1400,50 MPa,0.006374722,0.835864567,100,50
1400,50 MPa,0.005134099,0.718740963,200,50
1400,50 MPa,0.006385439,0.518337193,300,50
1400,50 MPa,0.006163297,0.897925849,400,50
1400,50 MPa,0.005277805,0.858924988,500,50
1400,50 MPa,0.0058378,0.682320853,600,50
1400,50 MPa,0.006231695,0.883173828,700,50
1400,50 MPa,0.008153393,0.828771789,800,50
1400,50 MPa,0.005638221,0.274395838,900,50
1400,50 MPa,0.005370394,1.023727182,1000,50
1400,50 MPa,0.008227894,1.193887301,1100,50
1400,50 MPa,0.004574185,0.734803487,1200,50
1400,50 MPa,0.007386099,0.995180818,1300,50
1400,50 MPa,0.008529537,1.168709372,1400,50
1400,50 MPa,0.006262099,0.503091704,1400,4200
1400,50 MPa,0.008966961,1.428070269,1500,4500
1500,50 MPa,0.005570002,0.980717275,0,50
1500,50 MPa,0.006085506,0.835864567,100,50
1500,50 MPa,0.004205634,0.718740963,200,50
1500,50 MPa,0.00608769,0.518337193,300,50
1500,50 MPa,0.00559745,0.897925849,400,50
1500,50 MPa,0.004902694,0.858924988,500,50
1500,50 MPa,0.005786245,0.682320853,600,50
1500,50 MPa,0.005912359,0.883173828,700,50
1500,50 MPa,0.007931548,0.828771789,800,50
1500,50 MPa,0.004487007,0.274395838,900,50
1500,50 MPa,0.005077009,1.023727182,1000,50
1500,50 MPa,0.007358225,1.193887301,1100,50
1500,50 MPa,0.004525094,0.734803487,1200,50
1500,50 MPa,0.007155625,0.995180818,1300,50
1500,50 MPa,0.008202612,1.168709372,1400,50
1500,50 MPa,0.005898426,0.503091704,1500,50
1500,50 MPa,0.008783041,1.428070269,1500,50
0,500 MPa,1.237146351,0.980717275,0,0
0,500 MPa,1.30985188,0.835864567,0,0
0,500 MPa,0.940672544,0.718740963,100,300
0,500 MPa,1.209717412,0.518337193,200,600
0,500 MPa,1.23705754,0.897925849,300,900
0,500 MPa,1.053206553,0.858924988,400,1200
0,500 MPa,1.186122177,0.682320853,500,1500
0,500 MPa,1.29663142,0.883173828,600,1800
0,500 MPa,1.60341818,0.828771789,700,2100
0,500 MPa,0.9237297,0.274395838,800,2400
0,500 MPa,1.128500276,1.023727182,900,2700
0,500 MPa,1.5743112,1.193887301,1000,3000
0,500 MPa,0.956953445,0.734803487,1100,3300
0,500 MPa,1.513855184,0.995180818,1200,3600
0,500 MPa,1.68643235,1.168709372,1300,3900
0,500 MPa,1.173537055,0.503091704,1400,4200
0,500 MPa,1.85889291,1.428070269,1500,4500
100,500 MPa,1.237070013,0.980717275,0,100
100,500 MPa,1.3093478,0.835864567,100,100
100,500 MPa,0.94018871,0.718740963,100,300
100,500 MPa,1.20845478,0.518337193,200,600
100,500 MPa,1.23681588,0.897925849,300,900
100,500 MPa,1.052935359,0.858924988,400,1200
100,500 MPa,1.185972381,0.682320853,500,1500
100,500 MPa,1.29638096,0.883173828,600,1800
100,500 MPa,1.60277403,0.828771789,700,2100
100,500 MPa,0.92186005,0.274395838,800,2400
100,500 MPa,1.128456704,1.023727182,900,2700
100,500 MPa,1.57416516,1.193887301,1000,3000
100,500 MPa,0.957064654,0.734803487,1100,3300
100,500 MPa,1.513624094,0.995180818,1200,3600
100,500 MPa,1.68534,1.168709372,1300,3900
100,500 MPa,1.173062905,0.503091704,1400,4200
100,500 MPa,1.85889291,1.428070269,1500,4500
200,500 MPa,1.237070013,0.980717275,0,100
200,500 MPa,1.3093478,0.835864567,100,100
200,500 MPa,0.94018871,0.718740963,200,100
200,500 MPa,1.20845478,0.518337193,200,600
200,500 MPa,1.23681588,0.897925849,300,900
200,500 MPa,1.052935359,0.858924988,400,1200
200,500 MPa,1.185972381,0.682320853,500,1500
200,500 MPa,1.29638096,0.883173828,600,1800
200,500 MPa,1.60277403,0.828771789,700,2100
200,500 MPa,0.9071787,0.274395838,800,2400
200,500 MPa,1.127483596,1.023727182,900,2700
200,500 MPa,1.5691998,1.193887301,1000,3000
200,500 MPa,0.953474192,0.734803487,1100,3300
200,500 MPa,1.503872096,0.995180818,1200,3600
200,500 MPa,1.67862985,1.168709372,1300,3900
200,500 MPa,1.154349785,0.503091704,1400,4200
200,500 MPa,1.85489116,1.428070269,1500,4500
300,500 MPa,1.237070013,0.980717275,0,100
300,500 MPa,1.3093478,0.835864567,100,100
300,500 MPa,0.94018871,0.718740963,200,100
300,500 MPa,1.20845478,0.518337193,300,100
300,500 MPa,1.23681588,0.897925849,300,900
300,500 MPa,1.052935359,0.858924988,400,1200
300,500 MPa,1.185972381,0.682320853,500,1500
300,500 MPa,1.29638096,0.883173828,600,1800
300,500 MPa,1.60277403,0.828771789,700,2100
300,500 MPa,0.88961625,0.274395838,800,2400
300,500 MPa,1.12423022,1.023727182,900,2700
300,500 MPa,1.55722452,1.193887301,1000,3000
300,500 MPa,0.946023189,0.734803487,1100,3300
300,500 MPa,1.493026272,0.995180818,1200,3600
300,500 MPa,1.65584655,1.168709372,1300,3900
300,500 MPa,1.130705505,0.503091704,1400,4200
300,500 MPa,1.84496682,1.428070269,1500,4500
400,500 MPa,1.219995747,0.980717275,0,100
400,500 MPa,1.27607852,0.835864567,100,100
400,500 MPa,0.921257154,0.718740963,200,100
400,500 MPa,1.142385628,0.518337193,300,100
400,500 MPa,1.22086632,0.897925849,400,100
400,500 MPa,1.033421718,0.858924988,400,1200
400,500 MPa,1.157286447,0.682320853,500,1500
400,500 MPa,1.28097767,0.883173828,600,1800
400,500 MPa,1.5511132,0.828771789,700,2100
400,500 MPa,0.866368225,0.274395838,800,2400
400,500 MPa,1.118478716,1.023727182,900,2700
400,500 MPa,1.537071,1.193887301,1000,3000
400,500 MPa,0.931883759,0.734803487,1100,3300
400,500 MPa,1.46526466,0.995180818,1200,3600
400,500 MPa,1.62744545,1.168709372,1300,3900
400,500 MPa,1.09478074,0.503091704,1400,4200
400,500 MPa,1.8263987,1.428070269,1500,4500
500,500 MPa,1.200109698,0.980717275,0,100
500,500 MPa,1.240654298,0.835864567,100,100
500,500 MPa,0.905749654,0.718740963,200,100
500,500 MPa,1.094263888,0.518337193,300,100
500,500 MPa,1.204820096,0.897925849,400,100
500,500 MPa,1.001235921,0.858924988,500,100
500,500 MPa,1.123757109,0.682320853,500,1500
500,500 MPa,1.2673276,0.883173828,600,1800
500,500 MPa,1.50550738,0.828771789,700,2100
500,500 MPa,0.833235575,0.274395838,800,2400
500,500 MPa,1.107077376,1.023727182,900,2700
500,500 MPa,1.49588772,1.193887301,1000,3000
500,500 MPa,0.906162706,0.734803487,1100,3300
500,500 MPa,1.432311226,0.995180818,1200,3600
500,500 MPa,1.550247515,1.168709372,1300,3900
500,500 MPa,1.037550835,0.503091704,1400,4200
500,500 MPa,1.79374442,1.428070269,1500,4500
600,500 MPa,1.160604783,0.980717275,0,100
600,500 MPa,1.176346292,0.835864567,100,100
600,500 MPa,0.870926012,0.718740963,200,100
600,500 MPa,1.010968828,0.518337193,300,100
600,500 MPa,1.172220162,0.897925849,400,100
600,500 MPa,0.934164714,0.858924988,500,100
600,500 MPa,1.068806943,0.682320853,600,100
600,500 MPa,1.242607198,0.883173828,600,1800
600,500 MPa,1.40721009,0.828771789,700,2100
600,500 MPa,0.778555975,0.274395838,800,2400
600,500 MPa,1.083737308,1.023727182,900,2700
600,500 MPa,1.416894684,1.193887301,1000,3000
600,500 MPa,0.861679106,0.734803487,1100,3300
600,500 MPa,1.337995694,0.995180818,1200,3600
600,500 MPa,1.397911505,1.168709372,1300,3900
600,500 MPa,0.919455875,0.503091704,1400,4200
600,500 MPa,1.73884041,1.428070269,1500,4500
700,500 MPa,1.089839457,0.980717275,0,100
700,500 MPa,1.082058128,0.835864567,100,100
700,500 MPa,0.821413666,0.718740963,200,100
700,500 MPa,0.899509344,0.518337193,300,100
700,500 MPa,1.102477086,0.897925849,400,100
700,500 MPa,0.832331367,0.858924988,500,100
700,500 MPa,0.973361925,0.682320853,600,100
700,500 MPa,1.193967866,0.883173828,700,100
700,500 MPa,1.281330297,0.828771789,700,2100
700,500 MPa,0.706789,0.274395838,800,2400
700,500 MPa,1.034864048,1.023727182,900,2700
700,500 MPa,1.29654312,1.193887301,1000,3000
700,500 MPa,0.788932533,0.734803487,1100,3300
700,500 MPa,1.234544404,0.995180818,1200,3600
700,500 MPa,1.2415338,1.168709372,1300,3900
700,500 MPa,0.794754425,0.503091704,1400,4200
700,500 MPa,1.66776933,1.428070269,1500,4500
800,500 MPa,0.959390538,0.980717275,0,100
800,500 MPa,0.958205672,0.835864567,100,100
800,500 MPa,0.724287092,0.718740963,200,100
800,500 MPa,0.798988376,0.518337193,300,100
800,500 MPa,0.977768443,0.897925849,400,100
800,500 MPa,0.738103779,0.858924988,500,100
800,500 MPa,0.818472861,0.682320853,600,100
800,500 MPa,1.074273032,0.883173828,700,100
800,500 MPa,1.123114174,0.828771789,800,100
800,500 MPa,0.6233597,0.274395838,800,2400
800,500 MPa,0.91711798,1.023727182,900,2700
800,500 MPa,1.163734344,1.193887301,1000,3000
800,500 MPa,0.67789829,0.734803487,1100,3300
800,500 MPa,1.013283432,0.995180818,1200,3600
800,500 MPa,0.98545575,1.168709372,1300,3900
800,500 MPa,0.67240792,0.503091704,1400,4200
800,500 MPa,1.513814004,1.428070269,1500,4500
900,500 MPa,0.818050731,0.980717275,0,100
900,500 MPa,0.818840154,0.835864567,100,100
900,500 MPa,0.611392492,0.718740963,200,100
900,500 MPa,0.716814224,0.518337193,300,100
900,500 MPa,0.833884079,0.897925849,400,100
900,500 MPa,0.646538823,0.858924988,500,100
900,500 MPa,0.693330786,0.682320853,600,100
900,500 MPa,0.91054733,0.883173828,700,100
900,500 MPa,0.920632063,0.828771789,800,100
900,500 MPa,0.544144775,0.274395838,900,100
900,500 MPa,0.793039448,1.023727182,900,2700
900,500 MPa,1.034196864,1.193887301,1000,3000
900,500 MPa,0.538680509,0.734803487,1100,3300
900,500 MPa,0.851212312,0.995180818,1200,3600
900,500 MPa,0.84931773,1.168709372,1300,3900
900,500 MPa,0.55004561,0.503091704,1400,4200
900,500 MPa,1.278527111,1.428070269,1500,4500
1000,500 MPa,0.698556315,0.980717275,0,100
1000,500 MPa,0.694886882,0.835864567,100,100
1000,500 MPa,0.510457276,0.718740963,200,100
1000,500 MPa,0.635748096,0.518337193,300,100
1000,500 MPa,0.692935884,0.897925849,400,100
1000,500 MPa,0.570925005,0.858924988,500,100
1000,500 MPa,0.586001952,0.682320853,600,100
1000,500 MPa,0.725745419,0.883173828,700,100
1000,500 MPa,0.784742179,0.828771789,800,100
1000,500 MPa,0.488055275,0.274395838,900,100
1000,500 MPa,0.670151884,1.023727182,1000,100
1000,500 MPa,0.891880884,1.193887301,1000,3000
1000,500 MPa,0.42497725,0.734803487,1100,3300
1000,500 MPa,0.642830756,0.995180818,1200,3600
1000,500 MPa,0.680206345,1.168709372,1300,3900
1000,500 MPa,0.47930243,0.503091704,1400,4200
1000,500 MPa,1.045929394,1.428070269,1500,4500
1100,500 MPa,0.576402792,0.980717275,0,100
1100,500 MPa,0.591399258,0.835864567,100,100
1100,500 MPa,0.453774262,0.718740963,200,100
1100,500 MPa,0.5427385,0.518337193,300,100
1100,500 MPa,0.57128424,0.897925849,400,100
1100,500 MPa,0.476980938,0.858924988,500,100
1100,500 MPa,0.4556295,0.682320853,600,100
1100,500 MPa,0.583434047,0.883173828,700,100
1100,500 MPa,0.646237046,0.828771789,800,100
1100,500 MPa,0.4238895,0.274395838,900,100
1100,500 MPa,0.514381984,1.023727182,1000,100
1100,500 MPa,0.69573456,1.193887301,1100,100
1100,500 MPa,0.322887388,0.734803487,1100,3300
1100,500 MPa,0.54298447,0.995180818,1200,3600
1100,500 MPa,0.50288673,1.168709372,1300,3900
1100,500 MPa,0.42714593,0.503091704,1400,4200
1100,500 MPa,0.820694897,1.428070269,1500,4500
1200,500 MPa,0.381969906,0.980717275,0,100
1200,500 MPa,0.437251594,0.835864567,100,100
1200,500 MPa,0.33849771,0.718740963,200,100
1200,500 MPa,0.321765016,0.518337193,300,100
1200,500 MPa,0.371093096,0.897925849,400,100
1200,500 MPa,0.328070778,0.858924988,500,100
1200,500 MPa,0.288881586,0.682320853,600,100
1200,500 MPa,0.37619092,0.883173828,700,100
1200,500 MPa,0.360401925,0.828771789,800,100
1200,500 MPa,0.27870045,0.274395838,900,100
1200,500 MPa,0.281446072,1.023727182,1000,100
1200,500 MPa,0.424596696,1.193887301,1100,100
1200,500 MPa,0.203782549,0.734803487,1200,100
1200,500 MPa,0.311293636,0.995180818,1200,3600
1200,500 MPa,0.33753615,1.168709372,1300,3900
1200,500 MPa,0.31306544,0.503091704,1400,4200
1200,500 MPa,0.443922131,1.428070269,1500,4500
1300,500 MPa,0.1249564,0.980717275,0,100
1300,500 MPa,0.163725184,0.835864567,100,100
1300,500 MPa,0.137991938,0.718740963,200,100
1300,500 MPa,0.09701652,0.518337193,300,100
1300,500 MPa,0.10699134,0.897925849,400,100
1300,500 MPa,0.089661667,0.858924988,500,100
1300,500 MPa,0.089959988,0.682320853,600,100
1300,500 MPa,0.111429654,0.883173828,700,100
1300,500 MPa,0.116337355,0.828771789,800,100
1300,500 MPa,0.09972284,0.274395838,900,100
1300,500 MPa,0.080404864,1.023727182,1000,100
1300,500 MPa,0.13720604,1.193887301,1100,100
1300,500 MPa,0.075564927,0.734803487,1200,100
1300,500 MPa,0.129089955,0.995180818,1300,100
1300,500 MPa,0.110268051,1.168709372,1300,3900
1300,500 MPa,0.097433084,0.503091704,1400,4200
1300,500 MPa,0.128047997,1.428070269,1500,4500
1400,500 MPa,0.057244594,0.980717275,0,100
1400,500 MPa,0.062547507,0.835864567,100,100
1400,500 MPa,0.046600658,0.718740963,200,100
1400,500 MPa,0.062517033,0.518337193,300,100
1400,500 MPa,0.058985581,0.897925849,400,100
1400,500 MPa,0.050965982,0.858924988,500,100
1400,500 MPa,0.058183263,0.682320853,600,100
1400,500 MPa,0.060759091,0.883173828,700,100
1400,500 MPa,0.080512309,0.828771789,800,100
1400,500 MPa,0.050574033,0.274395838,900,100
1400,500 MPa,0.05235321,1.023727182,1000,100
1400,500 MPa,0.078084667,1.193887301,1100,100
1400,500 MPa,0.045567093,0.734803487,1200,100
1400,500 MPa,0.072911976,0.995180818,1300,100
1400,500 MPa,0.083933053,1.168709372,1400,100
1400,500 MPa,0.061034169,0.503091704,1400,4200
1400,500 MPa,0.088955701,1.428070269,1500,4500
1500,500 MPa,0.05569366,0.980717275,0,100
1500,500 MPa,0.060850017,0.835864567,100,100
1500,500 MPa,0.042050137,0.718740963,200,100
1500,500 MPa,0.060873035,0.518337193,300,100
1500,500 MPa,0.055968456,0.897925849,400,100
1500,500 MPa,0.049019548,0.858924988,500,100
1500,500 MPa,0.057861202,0.682320853,600,100
1500,500 MPa,0.059122335,0.883173828,700,100
1500,500 MPa,0.07931419,0.828771789,800,100
1500,500 MPa,0.04483482,0.274395838,900,100
1500,500 MPa,0.050762832,1.023727182,1000,100
1500,500 MPa,0.073555967,1.193887301,1100,100
1500,500 MPa,0.045249353,0.734803487,1200,100
1500,500 MPa,0.071542383,0.995180818,1300,100
1500,500 MPa,0.08201988,1.168709372,1400,100
1500,500 MPa,0.058977938,0.503091704,1500,100
1500,500 MPa,0.087827208,1.428070269,1500,100
